{"Floresta Aleatória": {"acuracia": [0.9539720422775315, 0.9614728946471189, 0.9614728946471189, 0.9611319468121378, 0.9607909989771565, 0.9631650750341064, 0.9580491132332879, 0.9577080491132333, 0.9566848567530696, 0.9577080491132333], "f1_score": [0.9539622048762328, 0.9614933571619992, 0.9614545620255276, 0.9612152578593927, 0.9608208693273189, 0.9631659356120029, 0.9580628743910905, 0.9577620328589864, 0.9567205654530644, 0.9576919082388916]}, "SVM": {"acuracia": [0.9962495738152063, 0.9976133651551312, 0.9969314694851688, 0.9942038868053188, 0.9982952608250938, 0.9986357435197817, 0.9962482946793997, 0.9955661664392906, 0.9955661664392906, 0.9965893587994543], "f1_score": [0.9962495029129428, 0.9976144971361536, 0.9969320406462485, 0.9942087133029699, 0.9982964111256593, 0.9986357435197817, 0.9962517234829971, 0.9955659844774608, 0.9955667152464994, 0.9965907873149769]}, "Regress\u00e3o Log\u00edstica": {"acuracia": [0.9965905216501875, 0.9976133651551312, 0.9982952608250938, 0.9965905216501875, 0.99727241732015, 0.9972714870395635, 0.9972714870395635, 0.9959072305593452, 0.9959072305593452, 0.9959072305593452], "f1_score": [0.9965939402599349, 0.997613330927446, 0.9982955482702448, 0.9965916246880505, 0.9972735446010533, 0.9972734892241031, 0.9972714404340801, 0.9959069303554628, 0.9959073817606859, 0.9959091581824401]}, "K-Vizinhos Mais Pr\u00f3ximos": {"acuracia": [0.9185134674394818, 0.9130583020797818, 0.9226048414592567, 0.907944084555063, 0.922945789294238, 0.922237380627558, 0.919849931787176, 0.919849931787176, 0.9195088676671214, 0.9208731241473397], "f1_score": [0.9189366666735015, 0.9134447044856688, 0.9231466045836559, 0.9085710781171259, 0.9232698220303597, 0.9225028659076975, 0.9202987182376953, 0.9203310865893389, 0.91987590600589, 0.9213120843156459]}, "Gaussian Naive Bayes": {"acuracia": [0.665871121718377, 0.6986021138765769, 0.6713262870780771, 0.6610978520286396, 0.678145243777702, 0.6899727148703957, 0.7193042291950886, 0.7005457025920873, 0.6841746248294679, 0.6845156889495225], "f1_score": [0.6659011268166537, 0.6979812717674522, 0.6720702587999826, 0.6616075480652148, 0.6790408113240752, 0.6910900184984287, 0.7217641304590123, 0.703595219598164, 0.6877898232496588, 0.6854178735906067]}, "\u00c1rvore de Decis\u00e3o": {"acuracia": [0.8462325264234573, 0.8441868394135698, 0.8407773610637572, 0.8475963177633822, 0.8424821002386634, 0.8506139154160982, 0.8465211459754434, 0.8441336971350614, 0.857094133697135, 0.8434515688949522], "f1_score": [0.8462400221472546, 0.8435525408591807, 0.8407991928602685, 0.8481421543198797, 0.8426882770434044, 0.8501679153635475, 0.8461892370263275, 0.8436909337081328, 0.8566894894372016, 0.8431913222737475]}, "AdaBoost": {"acuracia": [0.47494033412887826, 0.4514149335151722, 0.5410842141152403, 0.4821002386634845, 0.5032390044323218, 0.42939972714870395, 0.502387448840382, 0.49590723055934516, 0.5866302864938608, 0.4693042291950887], "f1_score": [0.4136149812641539, 0.3886449672702591, 0.5126244527875667, 0.4118002829641186, 0.43870171771042593, 0.33807277546297826, 0.44472462662149126, 0.42990844014879187, 0.5712085204880255, 0.4093400478832581]}}
